{
  "best_metric": 0.76803058385849,
  "best_model_checkpoint": "/content/drive/MyDrive/Files/checkpoint-92",
  "epoch": 4.0,
  "eval_steps": 500,
  "global_step": 92,
  "is_hyper_param_search": false,
  "is_local_process_zero": true,
  "is_world_process_zero": true,
  "log_history": [
    {
      "epoch": 1.0,
      "eval_accuracy": 0.7553191489361702,
      "eval_f1": 0.5810435319543069,
      "eval_loss": 0.9222098588943481,
      "eval_precision": 0.5859277708592777,
      "eval_recall": 0.5762400489895897,
      "eval_runtime": 0.369,
      "eval_samples_per_second": 54.199,
      "eval_steps_per_second": 8.13,
      "step": 23
    },
    {
      "epoch": 2.0,
      "eval_accuracy": 0.7700754975978037,
      "eval_f1": 0.6098380690498014,
      "eval_loss": 0.8292961120605469,
      "eval_precision": 0.6085365853658536,
      "eval_recall": 0.6111451316595223,
      "eval_runtime": 0.3909,
      "eval_samples_per_second": 51.158,
      "eval_steps_per_second": 7.674,
      "step": 46
    },
    {
      "epoch": 3.0,
      "eval_accuracy": 0.7865477007549759,
      "eval_f1": 0.6364756623536661,
      "eval_loss": 0.782767653465271,
      "eval_precision": 0.6404215747055176,
      "eval_recall": 0.6325780771586038,
      "eval_runtime": 0.3839,
      "eval_samples_per_second": 52.099,
      "eval_steps_per_second": 7.815,
      "step": 69
    },
    {
      "epoch": 4.0,
      "eval_accuracy": 0.789293067947838,
      "eval_f1": 0.641846153846154,
      "eval_loss": 0.76803058385849,
      "eval_precision": 0.645021645021645,
      "eval_recall": 0.6387017758726271,
      "eval_runtime": 0.4404,
      "eval_samples_per_second": 45.415,
      "eval_steps_per_second": 6.812,
      "step": 92
    }
  ],
  "logging_steps": 500,
  "max_steps": 92,
  "num_input_tokens_seen": 0,
  "num_train_epochs": 4,
  "save_steps": 500,
  "stateful_callbacks": {
    "TrainerControl": {
      "args": {
        "should_epoch_stop": false,
        "should_evaluate": false,
        "should_log": false,
        "should_save": true,
        "should_training_stop": true
      },
      "attributes": {}
    }
  },
  "total_flos": 94208005324800.0,
  "train_batch_size": 8,
  "trial_name": null,
  "trial_params": null
}
